{
  "Config": {
    "basicSettingPara": {
      "projectID": 0,
      "experimentID": 0,
      "task": "Inference",
      "classNameDict": {
        "0": "other",
        "1": "broken",
        "2": "scratch",
        "3": "residue"
      }
    },
    "privateSettingPara": {
      "outputPath": "./data/detection_module_data/output/crop_img"
    }
  },
  "ConfigDataClean": {
    "dataClean": {
      "taskType": 0,
      "dataState": {
        "switch": 0,
        "inputPath": "",
        "outputPath": "",
        "percentage": [0.8, 0.1, 0.1],
        "classNameDict": {
          "0": "other",
          "1": "broken",
          "2": "scratch",
          "3": "residue"
        }
      },
      "onlyLabelTransfer": {
        "switch": 0,
        "inputLabelPath": "",
        "outputPath": "",
        "classNameDict": {
          "0": "other",
          "1": "broken",
          "2": "scratch",
          "3": "residue"
        },
        "inputImagePath": "",
        "transToType": "bbox_txt"
      }
    }
  },
  "ConfigModelService": {
    "learningRatePara": {
      "learningRate": 0.005
    },
    "optimizerPara": {
      "SGD": {
        "switch": 1,
        "momentum": 0.9,
        "dampening": 0,
        "weightDecay": 5e-4,
        "nesterov": 0
      }
    },
    "schedulerPara": {
      "multiStepLR": {
        "switch": 1,
        "milestones": [16, 22],
        "gamma": 0.5
      }
    },
    "scalerPara": {
      "amp": {
        "switch": 1
      }
    }
  },
  "ConfigPytorchModel": {
    "servicePara": {
      "cudaDevice": 0,
      "batchSize": 12,
      "epochs": 999,
      "printEpochFreq": 200,
      "sampleBatch": {
        "switch": 0,
        "trainAspectGroup": 3
      }
    },
    "pathPara": {
      "trainPath": "",
      "validPath": "",
      "testPath": "",
      "inferencePath": "./data/detection_module_data/input/crop_img_mask",
      "weightPath": {
        "pretrainedWeightPath": "",
        "evaluatedWeight": "./data/detection_module_data/weight/BestDictPth_0327.pth",
        "customModel": ""
      }
    },
    "modelPara": {
      "oneStage": {
        "switch": 0,
        "backboneStructure": "mobilenet_v3_small",
        "backbonePretrained": 1,
        "modelStructure": "RetinaNet",
        "modelPretrained": 0
      },
      "twoStage": {
        "switch": 0,
        "backboneStructure": "mobilenet_v3_small",
        "backbonePretrained": 1,
        "modelStructure": "FasterRCNN",
        "modelPretrained": 0
      },
      "pytorchModel": {
        "switch": 1,
        "modelStructure": "retinanet_resnet50_fpn",
        "modelPretrained": 1
      }
    }
  },
  "ConfigPostprocess": {
    "postProcessPara": {
      "nms": {
        "order": 1,
        "iouTreshold": 0.2
      }
    }
  },
  "ConfigEvaluation": {
    "evaluationPara": {
      "drawConfusionMatrix": {
        "switch": 1,
        "showNumber": 1
      },
      "saveMapTxt": {
        "switch": 1,
        "mode": ["Train", "Valid", "Test"]
      }
    }
  },
  "ConfigResultStorage": {
    "resultStorage": {
      "saveFinalDictPth": {
        "switch": 1
      },
      "saveFinalScriptPth": {
        "switch": 1
      },
      "saveBestDictPth": {
        "switch": 1
      },
      "saveBestScriptPth": {
        "switch": 1
      },
      "saveCheckpoint": {
        "switch": 1,
        "saveIter": 1
      },
      "saveResultCsv": {
        "switch": 1
      },
      "drawResultImage": {
        "switch": 1,
        "lineThickness": 2
      },
      "scoreThreshold": 0.1,
      "iouTreshold": 0.01
    }
  }
}
