{
    "Config": {
        "basicSettingPara": {
            "projectID": 0,
            "experimentID": 0,
            "task": "Test",
            "classNameDict": {
                "0":"broken",
                "1": "scratch",
                "2":"other"
            }
        },
        "privateSettingPara": {
            "outputPath": "output/solarPatch2"
        }
    },
    "ConfigDataClean": {
        "dataClean": {
            "taskType":1,
            "dataState": {
                "switch": 0,
                "inputPath": "./input/Data/original",
                "outputPath": "./input/Data/dataset",
                "percentage": [
                    0.8,
                    0.1,
                    0.1
                ],
                "classNameDict": {
                    "0":"broken",
                    "1": "scratch",
                    "2":"other"
                }
            },
            "onlyLabelTransfer": {
                "switch": 0,
                "inputLabelPath": "./input/Data/dataset/Test/Annotation_O",
                "outputPath": "./input/Data/dataset/Test/Annotation",
                "classNameDict": {
                    "0": "broken",
                    "1": "broken_M",
                    "2": "broken_side",
                    "3": "scratch",
                    "4": "residue",
                    "5": "residue_green"
                },
                "inputImagePath": "./input/Data/dataset/Test/Image",
                "transToType": "bbox_txt"
            }
        }
    },
    "ConfigModelService": {
        "learningRatePara": {
            "learningRate": 0.005
        },
        "optimizerPara": {
            "SGD": {
                "switch": 1,
                "momentum": 0.9,
                "dampening": 0,
                "weightDecay": 5e-4,
                "nesterov": 0
            }
        },
        "schedulerPara": {
            "multiStepLR": {
                "switch": 1,
                "milestones": [
                    16,
                    22
                ],
                "gamma": 0.5
            }
        },
        "scalerPara": {
            "amp": {
                "switch": 1
            }
        }
    },
    "ConfigPytorchModel": {
        "servicePara": {
            "cudaDevice": 0,
            "batchSize": 12,
            "epochs": 999,
            "printEpochFreq": 200,
            "sampleBatch": {
                "switch": 0,
                "trainAspectGroup": 3
            }
        },
        "pathPara": {
            "trainPath": "./input/Data/dataset/20230308/dataset/Train_mask_aug",
            "validPath": "./input/Data/dataset/20230308/dataset/Valid_mask",
            "testPath": "./input/Data/dataset/20230308/dataset/NewTest_review_mask",
            "inferencePath": "./input/Data/dataset/Inference",
            "weightPath": {
                "pretrainedWeightPath": "./input/PretrainedWeight",
                "evaluatedWeight": "./output/solarPatch2/BestDictPth.pth",
                "customModel": "./input/PretrainedWeight/BestScriptPth.pth"
            }
        },
        "modelPara": {
            "oneStage": {
                "switch": 0,
                "backboneStructure": "mobilenet_v3_small",
                "backbonePretrained": 1,
                "modelStructure": "RetinaNet",
                "modelPretrained": 0
            },
            "twoStage": {
                "switch": 0,
                "backboneStructure": "mobilenet_v3_small",
                "backbonePretrained": 1,
                "modelStructure": "FasterRCNN",
                "modelPretrained": 0
            },
            "pytorchModel": {
                "switch": 1,
                "modelStructure": "retinanet_resnet50_fpn",
                "modelPretrained": 1
            }
        }
    },
    "ConfigPostprocess": {
        "postProcessPara": {
            "nms": {
                "order": 1,
                "iouTreshold": 0.2
            }
        }
    },
    "ConfigEvaluation": {
        "evaluationPara": {
            "drawConfusionMatrix": {
                "switch": 1,
                "showNumber": 1
            },
            "saveMapTxt": {
                "switch": 1,
                "mode": [
                    "Train",
                    "Valid",
                    "Test"
                ]
            }
        }
    },
    "ConfigResultStorage": {
        "resultStorage": {
            "saveFinalDictPth": {
                "switch": 1
            },
            "saveFinalScriptPth": {
                "switch": 1
            },
            "saveBestDictPth": {
                "switch": 1
            },
            "saveBestScriptPth": {
                "switch": 1
            },
            "saveCheckpoint": {
                "switch": 1,
                "saveIter": 1
            },
            "saveResultCsv": {
                "switch": 1
            },
            "drawResultImage": {
                "switch": 1,
                "lineThickness": 2
            },
            "scoreThreshold": 0.1,
            "iouTreshold": 0.01
        }
    }
}