seq_id,date_time,fab_id,eq_id,error_msg,record_path
1,2022/06/15T08:00:54,K2,PLASMA_NED2L-21201,Hands_Alarm,record_mount\20220615\HandsTouch\080054_HandsFail.jpg
2,2022/06/15T08:00:56,K2,PLASMA_NED2L-21203,Hands_Alarm,record_mount\20220615\HandsTouch\080056_HandsFail.jpg
3,2022/06/15T08:01:08,K2,PLASMA_NED2L-21201,Hands_Alarm,record_mount\20220615\HandsTouch\080108_HandsFail.jpg
4,2022/06/15T08:07:11,K2,PLASMA_NED2L-21201,Hands_Alarm,record_mount\20220615\HandsTouch\080711_HandsFail.jpg
5,2022/06/15T08:07:15,K2,PLASMA_NED2L-21203,Hands_Alarm,record_mount\20220615\HandsTouch\080715_HandsFail.jpg
6,2022/06/15T08:07:48,K2,PLASMA_NED2L-21201,Hands_Alarm,record_mount\20220615\HandsTouch\080748_HandsFail.jpg
7,2022/06/15T08:07:50,K2,PLASMA_NED2L-21203,Hands_Alarm,record_mount\20220615\HandsTouch\080750_HandsFail.jpg
8,2022/06/15T08:08:21,K2,PLASMA_NED2L-21203,Hands_Alarm,record_mount\20220615\HandsTouch\080821_HandsFail.jpg
9,2022/06/15T08:08:51,K2,PLASMA_NED2L-21201,Hands_Alarm,record_mount\20220615\HandsTouch\080851_HandsFail.jpg
10,2022/06/15T08:08:53,K2,PLASMA_NED2L-21203,Hands_Alarm,record_mount\20220615\HandsTouch\080853_HandsFail.jpg
11,2022/06/15T08:09:27,K2,PLASMA_NED2L-21201,Hands_Alarm,record_mount\20220615\HandsTouch\080927_HandsFail.jpg
12,2022/06/15T08:09:30,K2,PLASMA_NED2L-21203,Hands_Alarm,record_mount\20220615\HandsTouch\080930_HandsFail.jpg
13,2022/06/15T08:09:42,K2,PLASMA_NED2L-21201,Hands_Alarm,record_mount\20220615\HandsTouch\080942_HandsFail.jpg
14,2022/06/15T08:09:44,K2,PLASMA_NED2L-21203,Hands_Alarm,record_mount\20220615\HandsTouch\080944_HandsFail.jpg
15,2022/06/15T10:09:50,K2,PLASMA_NED2L-21203,Hands_Alarm,record_mount\20220615\HandsTouch\100950_HandsFail.jpg
16,2022/06/15T10:10:25,K2,PLASMA_NED2L-21203,Hands_Alarm,record_mount\20220615\HandsTouch\101025_HandsFail.jpg
17,2022/06/15T13:07:09,K2,PLASMA_NED2L-21203,Hands_Alarm,record_mount\20220615\HandsTouch\130709_HandsFail.jpg
18,2022/06/15T13:07:44,K2,PLASMA_NED2L-21203,Hands_Alarm,record_mount\20220615\HandsTouch\130744_HandsFail.jpg
19,2022/06/15T13:26:01,K2,PLASMA_NED2L-21203,Hands_Alarm,record_mount\20220615\HandsTouch\132601_HandsFail.jpg
20,2022/06/15T13:26:30,K2,PLASMA_NED2L-21203,Hands_Alarm,record_mount\20220615\HandsTouch\132630_HandsFail.jpg
