{
    "Config": {
        "basicSettingPara": {
            "projectID": 0,
            "experimentID": 0,
            "task": "Train",
            "classNameDict": {
                "0": ""
            }
        },
        "privateSettingPara": {
            "outputPath": "output"
        }
    },
    "ConfigDataClean": {
        "dataClean": {
            "taskType": 1,
            "dataState": {
                "switch": 1,
                "inputPath": "",
                "outputPath": "",
                "percentage": [
                    0.8,
                    0.1,
                    0.1
                ],
                "classNameDict": {
                    "0": ""
                }
            },
            "onlyLabelTransfer": {
                "switch": 0,
                "inputLabelPath": "",
                "outputPath": "",
                "classNameDict": {
                    "0": ""
                },
                "inputImagePath": "",
                "transToType": "bbox_txt"
            }
        }
    },
    "ConfigModelService": {
        "learningRatePara": {
            "learningRate": 0.001
        },
        "optimizerPara": {
            "SGD": {
                "switch": 1,
                "momentum": 0.9,
                "dampening": 0,
                "weightDecay": 5e-4,
                "nesterov": 0
            }
        },
        "schedulerPara": {
            "multiStepLR": {
                "switch": 1,
                "milestones": [
                    16,
                    22
                ],
                "gamma": 0.5
            }
        },
        "scalerPara": {
            "amp": {
                "switch": 1
            }
        }
    },
    "ConfigPytorchModel": {
        "servicePara": {
            "cudaDevice": 0,
            "batchSize": 8,
            "epochs": 10,
            "printEpochFreq": 10,
            "sampleBatch": {
                "switch": 1,
                "trainAspectGroup": 3
            }
        },
        "pathPara": {
            "trainPath": "",
            "validPath": "",
            "testPath": "",
            "inferencePath": "",
            "weightPath": {
                "pretrainedWeightPath": "./input/PretrainedWeight",
                "evaluatedWeight": "",
                "customModel": ""
            }
        },
        "modelPara": {
            "oneStage": {
                "switch": 0,
                "backboneStructure": "mobilenet_v3_small",
                "backbonePretrained": 1,
                "modelStructure": "RetinaNet",
                "modelPretrained": 0
            },
            "twoStage": {
                "switch": 0,
                "backboneStructure": "mobilenet_v3_small",
                "backbonePretrained": 1,
                "modelStructure": "FasterRCNN",
                "modelPretrained": 0
            },
            "pytorchModel": {
                "switch": 1,
                "modelStructure": "retinanet_resnet50_fpn",
                "modelPretrained": 1
            }
        }
    },
    "ConfigPostprocess": {
        "postProcessPara": {
            "nms": {
                "order": 1,
                "iouTreshold": 0.7
            }
        }
    },
    "ConfigEvaluation": {
        "evaluationPara": {
            "drawConfusionMatrix": {
                "switch": 1,
                "showNumber": 1
            },
            "saveMapTxt": {
                "switch": 1,
                "mode": [
                    "Train",
                    "Valid",
                    "Test"
                ]
            }
        }
    },
    "ConfigResultStorage": {
        "resultStorage": {
            "saveFinalDictPth": {
                "switch": 1
            },
            "saveFinalScriptPth": {
                "switch": 1
            },
            "saveBestDictPth": {
                "switch": 1
            },
            "saveBestScriptPth": {
                "switch": 1
            },
            "saveCheckpoint": {
                "switch": 1,
                "saveIter": 1
            },
            "saveResultCsv": {
                "switch": 1
            },
            "drawResultImage": {
                "switch": 1,
                "lineThickness": 2
            },
            "scoreThreshold": 0.7,
            "iouTreshold": 0.5
        }
    }
}