{
    "Config": {
        "basicSettingPara": {
            "projectID": 0,
            "experimentID": 0,
            "task": "Train",
            "classNameList": [
                "Copper",
                "Dimple",
                "Nick",
                "Open",
                "Pass",
                "Protrusion",
                "Short"
            ]
        },
        "privateSettingPara": {
            "outputPath": "output/"
        }
    },
    "ConfigDataClean": {
        "dataClean": {
            "taskType": 0,
            "dataState": {
                "switch": 0,
                "inputPath": "",
                "outputPath": "",
                "percentage": [
                    0.8,
                    0.1,
                    0.1
                ],
                "classNameDict": {
                    "0": "A",
                    "1": "B",
                    "2": "C",
                    "3": "D"
                }
            },
            "onlyLabelTransfer": {
                "switch": 0,
                "inputLabelPath": "",
                "outputPath": "",
                "classNameDict": {
                    "0": "A",
                    "1": "B",
                    "2": "C",
                    "3": "D"
                },
                "inputImagePath": "",
                "transToType": "bbox_xml"
            }
        }
    },
    "ConfigPreprocess": {
        "preprocessPara": {
            "Normalize": {
                "order": 1,
                "parameters": {
                    "mode": "ImageNet",
                    "mean": null,
                    "std": null
                }
            },
            "Resize": {
                "order": 2,
                "parameters": {
                    "size": [
                        224,
                        224
                    ],
                    "interpolation": "BILINEAR"
                }
            },
            "CenterCrop": {
                "order": 0,
                "parameters": {
                    "size": [
                        1,
                        1
                    ]
                }
            },
            "Pad": {
                "order": 0,
                "parameters": {
                    "padding": [
                        0,
                        0,
                        0,
                        0
                    ],
                    "fill": [
                        0,
                        0,
                        0
                    ],
                    "paddingMode": "constant"
                }
            },
            "GaussianBlur": {
                "order": 0,
                "parameters": {
                    "kernelSize": [
                        1,
                        1
                    ],
                    "sigma": 1
                }
            },
            "Brightness": {
                "order": 0,
                "parameters": {
                    "brightness": 1
                }
            },
            "Contrast": {
                "order": 0,
                "parameters": {
                    "contrast": 1
                }
            },
            "Saturation": {
                "order": 0,
                "parameters": {
                    "saturation": 1
                }
            },
            "Hue": {
                "order": 0,
                "parameters": {
                    "hue": 0
                }
            }
        }
    },
    "ConfigAugmentation": {
        "augmentationPara": {
            "RandomHorizontalFlip": {
                "order": 1,
                "parameters": {
                    "probability": 0.5
                }
            },
            "RandomVerticalFlip": {
                "order": 2,
                "parameters": {
                    "probability": 0.5
                }
            },
            "RandomRotation": {
                "order": 0,
                "parameters": {
                    "degrees": [
                        -360,
                        360
                    ],
                    "fill": [
                        0,
                        0,
                        0
                    ]
                }
            },
            "RandomTranslate": {
                "order": 0,
                "parameters": {
                    "translate": [
                        0,
                        0
                    ],
                    "fill": [
                        0,
                        0,
                        0
                    ]
                }
            },
            "RandomScale": {
                "order": 0,
                "parameters": {
                    "scale": [
                        1,
                        1
                    ],
                    "fill": [
                        0,
                        0,
                        0
                    ]
                }
            },
            "RandomShear": {
                "order": 0,
                "parameters": {
                    "shear": [
                        0,
                        0,
                        0,
                        0
                    ],
                    "fill": [
                        0,
                        0,
                        0
                    ]
                }
            },
            "RandomGrayscale": {
                "order": 0,
                "parameters": {
                    "probability": 0.5
                }
            },
            "RandomBrightness": {
                "order": 0,
                "parameters": {
                    "brightness": [
                        1,
                        1
                    ]
                }
            },
            "RandomContrast": {
                "order": 0,
                "parameters": {
                    "contrast": [
                        1,
                        1
                    ]
                }
            },
            "RandomSaturation": {
                "order": 0,
                "parameters": {
                    "saturation": [
                        1,
                        1
                    ]
                }
            },
            "RandomHue": {
                "order": 0,
                "parameters": {
                    "hue": [
                        0,
                        0
                    ]
                }
            },
            "RandomErasing": {
                "order": 0,
                "parameters": {
                    "probability": 0.5,
                    "scale": [
                        0.02,
                        0.33
                    ],
                    "ratio": [
                        0.3,
                        3.3
                    ],
                    "value": [
                        0,
                        0,
                        0
                    ]
                }
            },
            "RandomPerspective": {
                "order": 0,
                "parameters": {
                    "distortion": 0,
                    "probability": 0.5,
                    "interpolation": "BILINEAR",
                    "fill": [
                        0,
                        0,
                        0
                    ]
                }
            }
        }
    },
    "ConfigModelService": {
        "lossFunctionPara": {
            "lossFunction": "CrossEntropyLoss"
        },
        "learningRatePara": {
            "learningRate": 0.001
        },
        "optimizerPara": {
            "SGD": {
                "switch": 1,
                "momentum": 0.9,
                "dampening": 0,
                "weightDecay": 5e-4,
                "nesterov": 0
            },
            "Adam": {
                "switch": 0,
                "betas": [
                    0.9,
                    0.999
                ],
                "eps": 1e-08,
                "weightDecay": 0.0005,
                "amsgrad": 0
            },
            "Adadelta": {
                "switch": 0,
                "rho": 0.9,
                "eps": 1e-6,
                "weightDecay": 0
            },
            "AdamW": {
                "switch": 0,
                "betas": [
                    0.9,
                    0.999
                ],
                "eps": 1e-8,
                "weightDecay": 0.01,
                "amsgrad": 0
            },
            "NAdam": {
                "switch": 0,
                "betas": [
                    0.9,
                    0.999
                ],
                "eps": 1e-08,
                "weightDecay": 0,
                "momentumDecay": 0.004
            }
        },
        "schedulerPara": {
            "stepLR": {
                "switch": 1,
                "stepSize": 1,
                "gamma": 0.5
            },
            "cosineAnnealingLR": {
                "switch": 0,
                "tMax": 5,
                "etaMin": 0
            }
        }
    },
    "ConfigPytorchModel": {
        "servicePara": {
            "cudaDevice": 0,
            "batchSize": 8,
            "epochs": 10
        },
        "pathPara": {
            "trainPath": "",
            "validPath": "",
            "testPath": "",
            "inferencePath": "",
            "weightPath": {
                "pretrainedWeightPath": "./input/PretrainedWeight",
                "evaluatedWeight": "",
                "customModel": ""
            }
        },
        "modelPara": {
            "model": {
                "structure": "resnet50",
                "pretrained": 1
            }
        }
    },
    "ConfigPostprocess": {
        "postProcessPara": {
            "confidenceFilter": {
                "order": 1,
                "parameters": {
                    "threshold": {
                        "Pass": 0.99
                    }
                }
            },
            "unknownFilter": {
                "order": 1,
                "parameters": {
                    "threshold": {
                        "Unknown": 0.99
                    },
                    "reverse": 0
                }
            }
        }
    },
    "ConfigEvaluation": {
        "evaluationPara": {
            "accuracy": {
                "switch": 1,
                "mode": [
                    "Train",
                    "Valid",
                    "Test"
                ],
                "saveTxt": 1,
                "saveJson": 1
            },
            "accOfClasses": {
                "switch": 1,
                "mode": [
                    "Valid",
                    "Test"
                ],
                "saveTxt": 1,
                "saveJson": 1
            },
            "numOfClasses": {
                "switch": 1,
                "mode": [
                    "Valid",
                    "Test"
                ],
                "saveTxt": 1,
                "saveJson": 1
            },
            "otherClsRate": {
                "switch": 1,
                "posClass": [
                    "Pass"
                ],
                "negClass": [
                    "Copper",
                    "Dimple",
                    "Nick",
                    "Open",
                    "Protrusion",
                    "Short"
                ],
                "saveTxt": 1,
                "saveJson": 1
            },
            "drawAccCurve": {
                "switch": 1
            },
            "drawConfusionMatrix": {
                "switch": 1,
                "showNumber": 1
            }
        }
    },
    "ConfigResultStorage": {
        "resultStorage": {
            "saveFinalDictPth": {
                "switch": 1
            },
            "saveFinalScriptPth": {
                "switch": 1
            },
            "saveFinalOnnx": {
                "switch": 1
            },
            "saveBestDictPth": {
                "switch": 1
            },
            "saveBestScriptPth": {
                "switch": 1
            },
            "saveBestOnnx": {
                "switch": 1
            },
            "saveCheckpoint": {
                "switch": 1,
                "saveIter": 1
            },
            "savePredictResult": {
                "switch": 1
            },
            "saveWrongFile": {
                "switch": 1
            },
            "saveUnknownFile": {
                "switch": 1
            },
            "saveClassIniFile": {
                "switch": 1,
                "fileName": "classList.ini"
            }
        }
    }
}