seq_id,date_time,fab_id,eq_id,error_msg,record_path
1,2022/06/14T19:32:35,K2,PLASMA_NED2L-21203,Hands_Alarm,record_mount\20220614\HandsTouch\193235_HandsFail.jpg
2,2022/06/14T19:32:35,K2,PLASMA_NED2L-21203,Hands_Alarm,record_mount\20220614\HandsTouch\193235_HandsFail.jpg
3,2022/06/14T19:33:10,K2,PLASMA_NED2L-21203,Hands_Alarm,record_mount\20220614\HandsTouch\193310_HandsFail.jpg
4,2022/06/14T19:33:11,K2,PLASMA_NED2L-21203,Hands_Alarm,record_mount\20220614\HandsTouch\193311_HandsFail.jpg
5,2022/06/14T21:04:48,K2,PLASMA_NED2L-21203,Hands_Alarm,record_mount\20220614\HandsTouch\210448_HandsFail.jpg
6,2022/06/14T21:09:42,K2,PLASMA_NED2L-21203,Hands_Alarm,record_mount\20220614\HandsTouch\210942_HandsFail.jpg
7,2022/06/14T21:09:42,K2,PLASMA_NED2L-21203,Hands_Alarm,record_mount\20220614\HandsTouch\210942_HandsFail.jpg
8,2022/06/14T21:10:11,K2,PLASMA_NED2L-21201,Hands_Alarm,record_mount\20220614\HandsTouch\211011_HandsFail.jpg
9,2022/06/14T21:10:12,K2,PLASMA_NED2L-21203,Hands_Alarm,record_mount\20220614\HandsTouch\211012_HandsFail.jpg
10,2022/06/14T21:10:24,K2,PLASMA_NED2L-21203,Hands_Alarm,record_mount\20220614\HandsTouch\211024_HandsFail.jpg
11,2022/06/14T21:10:39,K2,PLASMA_NED2L-21203,Hands_Alarm,record_mount\20220614\HandsTouch\211039_HandsFail.jpg
12,2022/06/14T21:10:39,K2,PLASMA_NED2L-21203,Hands_Alarm,record_mount\20220614\HandsTouch\211039_HandsFail.jpg
13,2022/06/14T21:10:53,K2,PLASMA_NED2L-21203,Hands_Alarm,record_mount\20220614\HandsTouch\211053_HandsFail.jpg
14,2022/06/14T21:11:04,K2,PLASMA_NED2L-21201,Hands_Alarm,record_mount\20220614\HandsTouch\211104_HandsFail.jpg
15,2022/06/14T21:11:04,K2,PLASMA_NED2L-21203,Hands_Alarm,record_mount\20220614\HandsTouch\211104_HandsFail.jpg
16,2022/06/14T21:11:15,K2,PLASMA_NED2L-21201,Hands_Alarm,record_mount\20220614\HandsTouch\211115_HandsFail.jpg
17,2022/06/14T21:11:29,K2,PLASMA_NED2L-21203,Hands_Alarm,record_mount\20220614\HandsTouch\211129_HandsFail.jpg
18,2022/06/14T21:11:29,K2,PLASMA_NED2L-21201,Hands_Alarm,record_mount\20220614\HandsTouch\211129_HandsFail.jpg
19,2022/06/14T21:11:57,K2,PLASMA_NED2L-21201,Hands_Alarm,record_mount\20220614\HandsTouch\211157_HandsFail.jpg
20,2022/06/14T21:11:58,K2,PLASMA_NED2L-21203,Hands_Alarm,record_mount\20220614\HandsTouch\211158_HandsFail.jpg
21,2022/06/14T21:12:29,K2,PLASMA_NED2L-21203,Hands_Alarm,record_mount\20220614\HandsTouch\211229_HandsFail.jpg
22,2022/06/14T21:12:51,K2,PLASMA_NED2L-21203,Hands_Alarm,record_mount\20220614\HandsTouch\211251_HandsFail.jpg
23,2022/06/14T21:12:51,K2,PLASMA_NED2L-21203,Hands_Alarm,record_mount\20220614\HandsTouch\211251_HandsFail.jpg
24,2022/06/14T21:13:07,K2,PLASMA_NED2L-21203,Hands_Alarm,record_mount\20220614\HandsTouch\211307_HandsFail.jpg
25,2022/06/14T21:13:07,K2,PLASMA_NED2L-21203,Hands_Alarm,record_mount\20220614\HandsTouch\211307_HandsFail.jpg
26,2022/06/14T21:13:18,K2,PLASMA_NED2L-21201,Hands_Alarm,record_mount\20220614\HandsTouch\211318_HandsFail.jpg
27,2022/06/14T21:13:19,K2,PLASMA_NED2L-21203,Hands_Alarm,record_mount\20220614\HandsTouch\211319_HandsFail.jpg
28,2022/06/14T21:13:32,K2,PLASMA_NED2L-21203,Hands_Alarm,record_mount\20220614\HandsTouch\211332_HandsFail.jpg
29,2022/06/14T21:13:32,K2,PLASMA_NED2L-21203,Hands_Alarm,record_mount\20220614\HandsTouch\211332_HandsFail.jpg
30,2022/06/14T21:13:43,K2,PLASMA_NED2L-21201,Hands_Alarm,record_mount\20220614\HandsTouch\211343_HandsFail.jpg
31,2022/06/14T21:13:44,K2,PLASMA_NED2L-21203,Hands_Alarm,record_mount\20220614\HandsTouch\211344_HandsFail.jpg
32,2022/06/14T21:13:59,K2,PLASMA_NED2L-21203,Hands_Alarm,record_mount\20220614\HandsTouch\211359_HandsFail.jpg
33,2022/06/14T21:14:12,K2,PLASMA_NED2L-21203,Hands_Alarm,record_mount\20220614\HandsTouch\211412_HandsFail.jpg
34,2022/06/14T21:14:12,K2,PLASMA_NED2L-21203,Hands_Alarm,record_mount\20220614\HandsTouch\211412_HandsFail.jpg
35,2022/06/14T21:14:14,K2,PLASMA_NED2L-21201,Hands_Alarm,record_mount\20220614\HandsTouch\211414_HandsFail.jpg
36,2022/06/14T21:14:29,K2,PLASMA_NED2L-21203,Hands_Alarm,record_mount\20220614\HandsTouch\211429_HandsFail.jpg
37,2022/06/14T21:14:52,K2,PLASMA_NED2L-21203,Hands_Alarm,record_mount\20220614\HandsTouch\211452_HandsFail.jpg
38,2022/06/14T21:14:52,K2,PLASMA_NED2L-21203,Hands_Alarm,record_mount\20220614\HandsTouch\211452_HandsFail.jpg
39,2022/06/14T21:15:09,K2,PLASMA_NED2L-21203,Hands_Alarm,record_mount\20220614\HandsTouch\211509_HandsFail.jpg
40,2022/06/14T22:22:46,K2,PLASMA_NED2L-21201,Hands_Alarm,record_mount\20220614\HandsTouch\222246_HandsFail.jpg
41,2022/06/14T22:22:49,K2,PLASMA_NED2L-21203,Hands_Alarm,record_mount\20220614\HandsTouch\222249_HandsFail.jpg
42,2022/06/14T22:23:00,K2,PLASMA_NED2L-21201,Hands_Alarm,record_mount\20220614\HandsTouch\222300_HandsFail.jpg
43,2022/06/14T22:23:21,K2,PLASMA_NED2L-21201,Hands_Alarm,record_mount\20220614\HandsTouch\222321_HandsFail.jpg
44,2022/06/14T22:23:23,K2,PLASMA_NED2L-21203,Hands_Alarm,record_mount\20220614\HandsTouch\222323_HandsFail.jpg
